{"cameraMode":{"drawMode":0,"name":"Shaded","section":"Shading Mode"},"sceneLighting":true,"audioPlay":false,"sceneViewState":{"showFog":true,"showMaterialUpdate":false,"showSkybox":true,"showFlares":true,"showImageEffects":true,"showParticleSystems":true},"in2DMode":false,"pivot":{"x":10.566064834594727,"y":-1.4014334678649903,"z":21.823341369628908},"rotation":{"x":0.14644843339920045,"y":0.3586859405040741,"z":-0.0570240281522274,"w":0.9201548099517822},"size":7.19716739654541,"orthographic":false}