{"cameraMode":{"drawMode":0,"name":"Shaded","section":"Shading Mode"},"sceneLighting":true,"audioPlay":false,"sceneViewState":{"showFog":true,"showMaterialUpdate":false,"showSkybox":true,"showFlares":true,"showImageEffects":true,"showParticleSystems":true},"in2DMode":false,"pivot":{"x":1.055126428604126,"y":40.84205627441406,"z":102.16450500488281},"rotation":{"x":0.10511086881160736,"y":0.010750055313110352,"z":-0.0011361341457813979,"w":0.9944166541099548},"size":59.30519104003906,"orthographic":false}