{"cameraMode":{"drawMode":0,"name":"Shaded","section":"Shading Mode"},"sceneLighting":false,"audioPlay":false,"sceneViewState":{"showFog":true,"showMaterialUpdate":false,"showSkybox":false,"showFlares":true,"showImageEffects":true,"showParticleSystems":true},"in2DMode":false,"pivot":{"x":-5.615093231201172,"y":1.048722267150879,"z":11.79197883605957},"rotation":{"x":0.06980003416538239,"y":0.8980025053024292,"z":-0.40621116757392886,"w":0.15424343943595887},"size":0.8660253882408142,"orthographic":false}