{"cameraMode":{"drawMode":0,"name":"Shaded","section":"Shading Mode"},"sceneLighting":true,"audioPlay":false,"sceneViewState":{"showFog":true,"showMaterialUpdate":false,"showSkybox":true,"showFlares":true,"showImageEffects":true,"showParticleSystems":true},"in2DMode":false,"pivot":{"x":8.946085929870606,"y":2.8630237579345705,"z":2.924471855163574},"rotation":{"x":-0.28400012850761416,"y":-0.40722528100013735,"z":0.1349019557237625,"w":-0.8576011061668396},"size":18.299671173095704,"orthographic":false}