{"cameraMode":{"drawMode":0,"name":"Shaded","section":"Shading Mode"},"sceneLighting":true,"audioPlay":false,"sceneViewState":{"m_AlwaysRefresh":false,"showFog":true,"showSkybox":true,"showFlares":true,"showImageEffects":true,"showParticleSystems":true,"showVisualEffectGraphs":true,"m_FxEnabled":true},"in2DMode":false,"pivot":{"x":77.75448608398438,"y":28.298418045043947,"z":-11.454022407531739},"rotation":{"x":0.27993062138557436,"y":-0.13704784214496613,"z":0.04228060320019722,"w":0.9500189423561096},"size":4.166025161743164,"orthographic":false}